revision,independent,required,sample,load_owners,source_load_ms,elapsed_ns,accepted,extracted,negative_lookups
before,1,False,1,3,139,154440748,3,1,1
before,1,False,2,3,143,157284658,3,1,1
before,1,False,3,3,153,166990581,3,1,1
before,10,False,1,12,94,117804177,12,1,1
before,10,False,2,12,157,179187608,12,1,1
before,10,False,3,12,89,111925906,12,1,1
before,100,False,1,102,256,380292706,102,1,1
before,100,False,2,102,188,361666889,102,1,1
before,100,False,3,102,222,345097032,102,1,1
before,10,True,1,12,132,154856699,12,1,1
before,10,True,2,12,84,105332017,12,1,1
before,10,True,3,12,156,177598253,12,1,1
after,1,False,1,2,129,143644383,3,1,1
after,1,False,2,2,136,150702985,3,1,1
after,1,False,3,2,144,157704646,3,1,1
after,10,False,1,2,88,111771118,12,1,1
after,10,False,2,2,156,178420340,12,1,1
after,10,False,3,2,78,102128408,12,1,1
after,100,False,1,2,160,282136853,102,1,1
after,100,False,2,2,120,238766510,102,1,1
after,100,False,3,2,136,294963560,102,1,1
after,10,True,1,3,166,189852045,12,1,1
after,10,True,2,3,84,106868209,12,1,1
after,10,True,3,3,108,175553809,12,1,1
